code,close
005930,262000
000660,1681000
402340,1050000
009150,1546000
373220,401000
005380,324500
105560,162800
207940,1219000
032830,269000
028260,317500
034020,78000
055550,99500
012450,891000
006400,569000
068270,179600
000270,106800
329180,384000
034730,555000
086790,124300
066570,200500
012330,359000
010120,195500
035420,183800
000810,612000
096770,160900
042700,267000
005490,306500
316140,32350
298040,2494000
042660,72000
267260,606000
000150,1342000
010130,1033000
138040,127300
009540,291500
051910,286500
011200,20800
010950,168700
015760,29100
033780,177400
017670,84100
003670,193100
010140,18860
003550,108100
006800,29850
024110,19750
018260,195300
272210,76600
035720,32300
267250,179500
278470,371500
086280,182900
079550,616000
011070,572000
030200,52100
005830,186600
000720,107800
047810,121400
064350,105200
003490,30700
047050,57100
307950,360500
443060,219500
078930,104000
028050,48250
071050,168600
323410,19470
007660,125500
005940,24800
003230,1172000
000500,295500
180640,130300
259960,186900
0126Z0,340500
006260,267500
009830,36000
090430,135900
353200,157700
161390,62100
016360,85700
021240,101400
352820,163900
047040,16670
062040,222500
064400,67500
039490,243000
128940,480500
032640,14400
000990,138800
000880,110100
326030,72700
001440,28100
000100,73100
011790,108000
377300,38450
175330,27850
241560,53200
267270,107200
036570,222000
029780,41200
066970,116200
052690,123000
138930,15310
088980,9750
088350,5180
454910,69000
010060,234000
018880,4015
271560,104200
034220,8160
051900,269500
001450,47150
002380,460500
103590,81400
001040,130400
004020,28200
008930,54900
192820,306500
082740,41050
036460,36100
161890,137100
028670,6030
022100,21100
012750,84200
111770,70400
035250,14190
031210,42300
014680,271000
020150,55200
011780,114700
004170,305500
302440,36750
007340,49200
336260,43750
383220,73900
251270,33650
139130,17570
023530,97800
097950,183700
085620,20400
006360,32100
017800,69900
450080,37650
026960,26300
375500,67400
003690,14540
011170,59600
000240,26700
018670,272000
004800,148100
489790,49050
281820,124000
457190,80700
004370,397500
005440,12850
112610,55700
005850,50300
009420,44000
004990,22900
009970,174400
229640,73000
001720,135800
483650,175000
282330,126400
030000,18820
279570,5290
007810,88100
204320,44450
081660,38150
002790,25900
051600,43550
073240,6780
139480,70000
089860,51400
069960,86500
103140,65600
181710,56100
007070,21650
462870,30750
439260,45100
020560,8210
001120,43350
001430,46800
120110,55400
322000,147300
001820,158300
093370,15040
395400,5290
000120,69300
023590,36450
475150,46000
006040,34850
005070,46250
361610,18600
008770,38700
006280,129400
071970,42800
294870,21900
011210,50800
012630,22950
001800,22600
097230,14280
007310,314000
069620,108500
006120,70800
415640,10040
001740,6100
192080,57700
330590,4155
298020,277000
300720,16280
003160,42150
003540,24650
006110,74800
280360,122700
195870,66000
030610,9600
004000,42100
000080,14810
000210,48450
003240,910000
017960,19150
006340,12570
192400,27600
451800,5460
030190,16790
009240,41050
003570,28700
003530,4385
003090,15690
185750,65900
034230,9800
285130,51600
009450,61200
071320,77000
032350,11120
005300,95300
004490,62800
000370,7200
079160,5030
077970,20600
248070,17200
003470,4220
005180,87900
137310,6410
005690,12860
365550,3095
100090,12100
000670,40950
036530,46050
003850,8610
298050,164700
499790,37200
090460,21600
214320,17980
000400,2285
002960,540000
064960,26350
094800,7470
093050,23650
293940,5520
005090,45850
005880,2030
014820,22350
268280,129200
069260,15780
456040,71200
001570,9900
002840,140600
100840,31800
000640,93000
004710,11720
317450,42550
017940,90500
017900,10670
453340,19030
383800,8100
001060,26350
001680,17610
108320,37400
178920,20700
336370,8610
192650,9020
006650,89800
033240,27000
001530,27550
002350,5770
079900,37800
016380,5510
284740,24500
161000,11250
025540,54100
114090,8630
075580,9300
003620,2600
003300,17000
007700,13400
009410,1630
008060,16500
0220W0,6080
